,Points,ln(Z_0),ln(Z_CMB),ln(Z),ln(Z_err)
0,6000000.0,7130.362748163105,7129.917777353845,7154.856480870011,0.18281226698308123
