,# points,Time taken,logZ,logZ_0,logZ_CMB
0,31000.0,250.19426488876343,27214.591757019083,27216.089573241625,27217.047191861093
1,100000.0,755.1360931396484,88439.82584343576,88439.48449897888,88444.0589994509
