,# points,Time taken,logZ,logZ_0,logZ_CMB
0,10.0,70.1828863620758,33.953427617805865,34.27038462478168,34.27060300623971
1,50.0,95.70122790336609,160.32318119728694,161.19490270089756,161.5548615738663
2,100.0,248.48137593269348,328.9947689446864,329.8079468244421,330.2421581743087
3,200.0,467.222708940506,617.378564101769,619.1193569634065,618.6447087680285
4,500.0,1212.761843919754,1603.1627171123496,1604.9429872011779,1603.9465953780905
5,1000.0,2460.68653011322,3177.7610607090887,3175.125221388547,3181.3366539385934
6,2000.0,6584.082883834839,6397.251737882759,6399.142253768336,6400.071919957652
