,# points,Time taken,logZ,logZ_0,logZ_CMB
0,10.0,51.21726393699646,33.51078499572758,33.598528262689626,33.73889703050281
1,50.0,59.88184905052185,163.92183988943492,164.8947613740167,165.07174341887207
2,100.0,55.67616510391235,324.29622482550735,325.7193595855735,325.86556261704476
3,500.0,71.18860983848572,1580.2221181241005,1582.0040008491173,1582.5800622145061
4,1000.0,80.67067289352417,3202.9720684287136,3204.825321603106,3205.8849084013104
5,5000.0,81.8883581161499,15896.338291812328,15892.15451525502,15902.19688178884
6,10000.0,86.00572395324707,31919.99157517933,31892.220525416476,31926.033454645825
7,50000.0,210.2674708366394,159198.53154081252,159125.20791236986,159190.3297294216
