,Points,ln(Z_0),ln(Z_CMB),ln(Z),ln(Z_err)
0,6000000.0,7148.707639822212,7163.0041677184,7180.832241964814,0.18637599913723138
