,Points,ln(Z_0),ln(Z_CMB),ln(Z),ln(Z_err)
0,6000000.0,7140.48629389039,7149.194316738048,7167.2688957008195,0.18744618245626293
