,Points,ln(Z_0),ln(Z_CMB),ln(Z),ln(Z_err)
0,6000000.0,7126.850128969487,7142.900966019089,7160.529244527107,0.18779199394627663
