,Points,ln(Z_0),ln(Z_CMB),ln(Z),ln(Z_err)
0,6000000.0,7157.529746540462,7199.182605813656,7206.817011225541,0.18325420791471075
