,Points,ln(Z_0),ln(Z_CMB),ln(Z),ln(Z_err)
0,6000000.0,7076.325006400558,7165.864964167533,7158.825960745796,0.1867896437747763
