,Points,ln(Z_0),ln(Z_CMB),ln(Z),ln(Z_err)
0,10000000.0,7465.028828710754,7496.7768150155725,7520.553841713499,0.19160850455212786
